{"cameraMode":{"drawMode":0,"name":"Shaded","section":"Shading Mode"},"sceneLighting":false,"audioPlay":false,"sceneViewState":{"showFog":true,"showMaterialUpdate":false,"showSkybox":false,"showFlares":true,"showImageEffects":true,"showParticleSystems":true},"in2DMode":false,"pivot":{"x":0.275055468082428,"y":-0.1842995285987854,"z":-59.675479888916019},"rotation":{"x":-0.04528083652257919,"y":0.024569984525442125,"z":-0.0011123332660645247,"w":-0.99867844581604},"size":1.457888126373291,"orthographic":false}