{"cameraMode":{"drawMode":0,"name":"Shaded","section":"Shading Mode"},"sceneLighting":true,"audioPlay":false,"sceneViewState":{"showFog":true,"showMaterialUpdate":true,"showSkybox":true,"showFlares":true,"showImageEffects":true,"showParticleSystems":true},"in2DMode":false,"pivot":{"x":2.736562490463257,"y":1.174652338027954,"z":11.418563842773438},"rotation":{"x":-0.08052083849906922,"y":0.5780848860740662,"z":-0.057326264679431918,"w":-0.8100289106369019},"size":2.245975971221924,"orthographic":true}