{"cameraMode":{"drawMode":0,"name":"Shaded","section":"Shading Mode"},"sceneLighting":true,"audioPlay":false,"sceneViewState":{"showFog":true,"showMaterialUpdate":false,"showSkybox":true,"showFlares":true,"showImageEffects":true,"showParticleSystems":true},"in2DMode":false,"pivot":{"x":-0.8874163627624512,"y":-0.4477996826171875,"z":12.346223831176758},"rotation":{"x":-0.17435277998447419,"y":0.28690215945243838,"z":-0.053188297897577289,"w":-0.9404596090316773},"size":5.698862552642822,"orthographic":false}