{"cameraMode":{"drawMode":0,"name":"Shaded","section":"Shading Mode"},"sceneLighting":true,"audioPlay":false,"sceneViewState":{"showFog":true,"showMaterialUpdate":true,"showSkybox":true,"showFlares":true,"showImageEffects":true,"showParticleSystems":true},"in2DMode":false,"pivot":{"x":-4.192248821258545,"y":0.9380557537078857,"z":5.353976249694824},"rotation":{"x":0.20673145353794099,"y":-0.23282234370708466,"z":0.05071556195616722,"w":0.9489409327507019},"size":3.1000020503997804,"orthographic":false}