{"cameraMode":{"drawMode":0,"name":"Shaded","section":"Shading Mode"},"sceneLighting":true,"audioPlay":false,"sceneViewState":{"showFog":true,"showMaterialUpdate":true,"showSkybox":true,"showFlares":true,"showImageEffects":true,"showParticleSystems":true},"in2DMode":false,"pivot":{"x":1.6003615856170655,"y":2.6717100143432619,"z":5.955401420593262},"rotation":{"x":0.4521649479866028,"y":0.06145291402935982,"z":-0.03125644475221634,"w":0.8892735838890076},"size":3.206510305404663,"orthographic":false}