{"cameraMode":{"drawMode":0,"name":"Shaded","section":"Shading Mode"},"sceneLighting":true,"audioPlay":false,"sceneViewState":{"showFog":true,"showMaterialUpdate":true,"showSkybox":true,"showFlares":true,"showImageEffects":true,"showParticleSystems":true},"in2DMode":false,"pivot":{"x":-3.1835126876831056,"y":-7.383280277252197,"z":7.13834285736084},"rotation":{"x":0.3150772750377655,"y":-0.37595614790916445,"z":0.1376616358757019,"w":0.8604847192764282},"size":8.600480079650879,"orthographic":false}