{"cameraMode":{"drawMode":0,"name":"Shaded","section":"Shading Mode"},"sceneLighting":false,"audioPlay":false,"sceneViewState":{"showFog":true,"showMaterialUpdate":false,"showSkybox":false,"showFlares":true,"showImageEffects":true,"showParticleSystems":true},"in2DMode":false,"pivot":{"x":-3.2997183799743654,"y":1.1649436950683594,"z":9.342916488647461},"rotation":{"x":-0.022840917110443116,"y":-0.7438063025474548,"z":0.6675203442573547,"w":-0.02545085921883583},"size":1.7809946537017823,"orthographic":true}