{"cameraMode":{"drawMode":0,"name":"Shaded","section":"Shading Mode"},"sceneLighting":true,"audioPlay":false,"sceneViewState":{"showFog":true,"showMaterialUpdate":true,"showSkybox":true,"showFlares":true,"showImageEffects":true,"showParticleSystems":true},"in2DMode":false,"pivot":{"x":1.0123870372772217,"y":4.686461448669434,"z":1.0323610305786133},"rotation":{"x":0.011397096328437329,"y":0.005998678971081972,"z":-0.00007693850784562528,"w":0.9999243021011353},"size":0.25817590951919558,"orthographic":false}