{"cameraMode":{"drawMode":0,"name":"Shaded","section":"Shading Mode"},"sceneLighting":true,"audioPlay":false,"sceneViewState":{"showFog":true,"showMaterialUpdate":true,"showSkybox":true,"showFlares":true,"showImageEffects":true,"showParticleSystems":true},"in2DMode":false,"pivot":{"x":-2.035536289215088,"y":2.9306702613830568,"z":3.7221837043762209},"rotation":{"x":0.34079092741012576,"y":0.034382376819849017,"z":-0.012472528964281083,"w":0.9394280910491943},"size":0.6896771192550659,"orthographic":false}