{"cameraMode":{"drawMode":0,"name":"Shaded","section":"Shading Mode"},"sceneLighting":true,"audioPlay":false,"sceneViewState":{"showFog":true,"showMaterialUpdate":true,"showSkybox":true,"showFlares":true,"showImageEffects":true,"showParticleSystems":true},"in2DMode":false,"pivot":{"x":-7.876153945922852,"y":-3.515498638153076,"z":3.4404072761535646},"rotation":{"x":-0.1966930627822876,"y":0.5068185925483704,"z":-0.12000735849142075,"w":-0.8306925892829895},"size":5.8441996574401859,"orthographic":false}