{"cameraMode":{"drawMode":0,"name":"Shaded","section":"Shading Mode"},"sceneLighting":true,"audioPlay":false,"sceneViewState":{"showFog":true,"showMaterialUpdate":true,"showSkybox":true,"showFlares":true,"showImageEffects":true,"showParticleSystems":true},"in2DMode":false,"pivot":{"x":366.8161926269531,"y":885.5330200195313,"z":76.74464416503906},"rotation":{"x":0.009374849498271943,"y":-0.6243924498558044,"z":-0.0074906740337610249,"w":-0.7810248136520386},"size":183.9125518798828,"orthographic":false}